name,gender
James,Male
John,Male
Robert,Male
Michael,Male
William,Male
David,Male
Richard,Male
Joseph,Male
Thomas,Male
Charles,Male
Christopher,Male
Daniel,Male
Matthew,Male
Anthony,Male
Mark,Male
Donald,Male
Steven,Male
Paul,Male
Andrew,Male
Joshua,Male
Kevin,Male
Brian,Male
George,Male
Edward,Male
Ronald,Male
Timothy,Male
Jason,Male
Jeffrey,Male
Ryan,Male
Jacob,Male
Emma,Female
Olivia,Female
Sophia,Female
Isabella,Female
Mia,Female
Charlotte,Female
Amelia,Female
Harper,Female
Evelyn,Female
Abigail,Female
Emily,Female
Elizabeth,Female
Sofia,Female
Avery,Female
Ella,Female
Scarlett,Female
Grace,Female
Chloe,Female
Victoria,Female
Riley,Female
Aria,Female
Lily,Female
Aubrey,Female
Zoey,Female
Hannah,Female
Nora,Female
Layla,Female
Mila,Female
Ellie,Female
Stella,Female 